request_id,amount_safe_to_pay,affordability_status,recommended_payment_method,payment_plan,earliest_date_for_full_payment,spending_changes_needed,decision_explanation
request_26,15656000,affordable_now,full_payment,2025-08-03:15656000,2025-08-03,none,full_payment: completes IDR 15656000 by 2025-08-03; total paid IDR 15656000. Projected 90-day minimum IDR 54331210.33 versus protected 24768300. Safe today before changes: IDR 15656000.
request_27,5378,not_affordable,not_recommended,none,,none,No accepted complete plan meets the deadline and the 90-day minimum-balance constraint. Safe today before changes: ZAR 5378.
request_28,263.91,affordable_later,wait,2024-08-15:1302.4,2024-08-15,none,wait: completes EUR 1302.4 by 2024-08-15; total paid EUR 1302.4. Projected 90-day minimum EUR 1363.91 versus protected 1100. Safe today before changes: EUR 263.91.
request_29,0,not_affordable,not_recommended,none,,none,No accepted complete plan meets the deadline and the 90-day minimum-balance constraint. Safe today before changes: ZAR 0.
request_30,50.01,not_affordable,not_recommended,none,,none,No accepted complete plan meets the deadline and the 90-day minimum-balance constraint. Safe today before changes: USD 50.01.
request_31,2519115.79,affordable_later,wait,2024-11-15:18164000,2024-11-15,none,wait: completes IDR 18164000 by 2024-11-15; total paid IDR 18164000. Projected 90-day minimum IDR 19108015.79 versus protected 16588900. Safe today before changes: IDR 2519115.79.
request_32,7687.94,not_affordable,not_recommended,none,,none,No accepted complete plan meets the deadline and the 90-day minimum-balance constraint. Safe today before changes: ZAR 7687.94.
request_33,19652.65,not_affordable,not_recommended,none,,none,No accepted complete plan meets the deadline and the 90-day minimum-balance constraint. Safe today before changes: INR 19652.65.
request_34,129400,affordable_now,full_payment,2024-12-04:129400,2024-12-04,none,full_payment: completes INR 129400 by 2024-12-04; total paid INR 129400. Projected 90-day minimum INR 246448.95 versus protected 138500. Safe today before changes: INR 129400.
request_35,20932.78,affordable_later,wait,2026-01-15:212000,2026-01-15,none,wait: completes INR 212000 by 2026-01-15; total paid INR 212000. Projected 90-day minimum INR 127332.78 versus protected 106400. Safe today before changes: INR 20932.78.
request_36,530.14,affordable_later,wait,2026-09-15:3954,2026-09-15,none,wait: completes USD 3954 by 2026-09-15; total paid USD 3954. Projected 90-day minimum USD 2930.14 versus protected 2400. Safe today before changes: USD 530.14.
request_37,4045242.42,affordable_later,wait,2024-05-15:14649000,2024-05-15,none,wait: completes IDR 14649000 by 2024-05-15; total paid IDR 14649000. Projected 90-day minimum IDR 21101442.42 versus protected 17056200. Safe today before changes: IDR 4045242.42.
request_38,159.1,affordable_later,wait,2025-10-15:971.3,2025-10-15,none,wait: completes EUR 971.3 by 2025-10-15; total paid EUR 971.3. Projected 90-day minimum EUR 559.1 versus protected 400. Safe today before changes: EUR 159.1.
request_39,50280.3,affordable_later,wait,2026-06-15:208600,2026-06-15,none,wait: completes INR 208600 by 2026-06-15; total paid INR 208600. Projected 90-day minimum INR 247811.51 versus protected 213400. Safe today before changes: INR 50280.3.
request_40,295.68,not_affordable,not_recommended,none,,none,No accepted complete plan meets the deadline and the 90-day minimum-balance constraint. Safe today before changes: EUR 295.68.
request_41,7386173.07,affordable_later,wait,2026-01-15:38760000,2026-01-15,none,wait: completes IDR 38760000 by 2026-01-15; total paid IDR 38760000. Projected 90-day minimum IDR 32752773.07 versus protected 25366600. Safe today before changes: IDR 7386173.07.
request_42,52100,affordable_now,full_payment,2026-01-05:52100,2026-01-05,none,full_payment: completes INR 52100 by 2026-01-05; total paid INR 52100. Projected 90-day minimum INR 152394.5 versus protected 113100. Safe today before changes: INR 52100.
request_43,8066547.93,affordable_later,wait,2024-11-15:43339000,2024-11-15,none,wait: completes IDR 43339000 by 2024-11-15; total paid IDR 43339000. Projected 90-day minimum IDR 29464547.93 versus protected 21398000. Safe today before changes: IDR 8066547.93.
request_44,27739.78,not_affordable,not_recommended,none,,none,No accepted complete plan meets the deadline and the 90-day minimum-balance constraint. Safe today before changes: INR 27739.78.
request_45,2827697.51,affordable_later,wait,2026-09-15:21983000,2026-09-15,none,wait: completes IDR 21983000 by 2026-09-15; total paid IDR 21983000. Projected 90-day minimum IDR 13977497.51 versus protected 11149800. Safe today before changes: IDR 2827697.51.
request_46,33118.3,affordable_with_plan,installments,2024-12-03:25714|2024-12-31:25714,,stop:event_4195,installments: completes INR 49450 by 2024-12-31; total paid INR 51428. Projected 90-day minimum INR 89670.29 versus protected 84000. Safe today before changes: INR 33118.3. Requires the listed permitted recurring-spending changes.
request_47,0,not_affordable,not_recommended,none,,none,No accepted complete plan meets the deadline and the 90-day minimum-balance constraint. Safe today before changes: IDR 0.
request_48,45700,affordable_now,full_payment,2026-07-25:45700,2026-07-25,none,full_payment: completes INR 45700 by 2026-07-25; total paid INR 45700. Projected 90-day minimum INR 72307.05 versus protected 71300. Safe today before changes: INR 45700.
request_49,11974188.05,not_affordable,not_recommended,none,2024-05-15,none,No accepted complete plan meets the deadline and the 90-day minimum-balance constraint. Safe today before changes: IDR 11974188.05.
request_50,43900,affordable_now,full_payment,2025-08-06:43900,2025-08-06,none,full_payment: completes INR 43900 by 2025-08-06; total paid INR 43900. Projected 90-day minimum INR 152879.18 versus protected 99700. Safe today before changes: INR 43900.
request_51,1942281.08,not_affordable,not_recommended,none,,none,No accepted complete plan meets the deadline and the 90-day minimum-balance constraint. Safe today before changes: IDR 1942281.08.
request_52,18274.22,affordable_later,wait,2024-06-15:28870,2024-06-15,none,wait: completes INR 28870 by 2024-06-15; total paid INR 28870. Projected 90-day minimum INR 52113.77 versus protected 41500. Safe today before changes: INR 18274.22.
request_53,462.2,affordable_with_plan,installments,2025-11-21:589.06|2025-12-19:589.06|2026-01-16:589.06,2026-01-15,stop:event_4897,installments: completes USD 1699.2 by 2026-01-16; total paid USD 1767.18. Projected 90-day minimum USD 2205.92 versus protected 2100. Safe today before changes: USD 462.2. Requires the listed permitted recurring-spending changes.
request_54,1777.74,not_affordable,not_recommended,none,,none,No accepted complete plan meets the deadline and the 90-day minimum-balance constraint. Safe today before changes: ZAR 1777.74.
request_55,110247.99,not_affordable,not_recommended,none,2026-08-15,none,No accepted complete plan meets the deadline and the 90-day minimum-balance constraint. Safe today before changes: INR 110247.99.
request_56,590.71,affordable_with_plan,partial_payment,2025-02-03:590.71|2025-02-15:290.85,2025-02-15,none,partial_payment: completes USD 881.56 by 2025-02-15; total paid USD 881.56. Projected 90-day minimum USD 2100 versus protected 2100. Safe today before changes: USD 590.71.
request_57,12349.83,affordable_later,wait,2026-06-15:61446,2026-06-15,none,wait: completes ZAR 61446 by 2026-06-15; total paid ZAR 61446. Projected 90-day minimum ZAR 55049.83 versus protected 42700. Safe today before changes: ZAR 12349.83.
request_58,16226000,affordable_now,full_payment,2024-12-07:16226000,2024-12-07,none,full_payment: completes IDR 16226000 by 2024-12-07; total paid IDR 16226000. Projected 90-day minimum IDR 20853260.83 versus protected 14433900. Safe today before changes: IDR 16226000.
request_59,92640.99,not_affordable,not_recommended,none,,none,No accepted complete plan meets the deadline and the 90-day minimum-balance constraint. Safe today before changes: INR 92640.99.
request_60,109.19,affordable_later,wait,2026-02-15:199.89,2026-02-15,none,wait: completes USD 199.89 by 2026-02-15; total paid USD 199.89. Projected 90-day minimum USD 445.42 versus protected 400. Safe today before changes: USD 109.19.
request_61,28081.34,affordable_with_plan,installments,2024-03-17:10074.83|2024-04-17:10074.83|2024-05-18:10074.83,,reduce_to:event_5707:1373.08,installments: completes ZAR 29062 by 2024-05-18; total paid ZAR 30224.49. Projected 90-day minimum ZAR 36700.01 versus protected 36700. Safe today before changes: ZAR 28081.34. Requires the listed permitted recurring-spending changes.
request_62,404.23,affordable_now,full_payment,2025-08-05:404.23,2025-08-05,none,full_payment: completes USD 404.23 by 2025-08-05; total paid USD 404.23. Projected 90-day minimum USD 3279.7 versus protected 1300. Safe today before changes: USD 404.23.
request_63,32276.99,not_affordable,not_recommended,none,,none,No accepted complete plan meets the deadline and the 90-day minimum-balance constraint. Safe today before changes: INR 32276.99.
request_64,0,not_affordable,not_recommended,none,,none,No accepted complete plan meets the deadline and the 90-day minimum-balance constraint. Safe today before changes: INR 0.
request_65,5458.45,not_affordable,not_recommended,none,,none,No accepted complete plan meets the deadline and the 90-day minimum-balance constraint. Safe today before changes: ZAR 5458.45.
request_66,22200,affordable_now,full_payment,2026-04-03:22200,2026-04-03,none,full_payment: completes INR 22200 by 2026-04-03; total paid INR 22200. Projected 90-day minimum INR 209417.9 versus protected 80700. Safe today before changes: INR 22200.
request_67,244.94,affordable_later,wait,2024-11-15:2094,2024-11-15,none,wait: completes USD 2094 by 2024-11-15; total paid USD 2094. Projected 90-day minimum USD 1444.94 versus protected 1200. Safe today before changes: USD 244.94.
request_68,1258.58,not_affordable,not_recommended,none,,none,No accepted complete plan meets the deadline and the 90-day minimum-balance constraint. Safe today before changes: USD 1258.58.
request_69,454.85,affordable_with_plan,full_payment,2026-01-04:529.1,,reduce_to:event_6379:29.34|stop:event_6377,full_payment: completes EUR 529.1 by 2026-01-04; total paid EUR 529.1. Projected 90-day minimum EUR 700.01 versus protected 700. Safe today before changes: EUR 454.85. Requires the listed permitted recurring-spending changes.
request_70,49190.01,affordable_later,wait,2025-02-15:243900,2025-02-15,none,wait: completes INR 243900 by 2025-02-15; total paid INR 243900. Projected 90-day minimum INR 160447.07 versus protected 115000. Safe today before changes: INR 49190.01.
request_71,0,not_affordable,not_recommended,none,,none,No accepted complete plan meets the deadline and the 90-day minimum-balance constraint. Safe today before changes: IDR 0.
request_72,11290.15,affordable_with_plan,full_payment,2026-07-05:11330,,stop:event_6656,full_payment: completes ZAR 11330 by 2026-07-05; total paid ZAR 11330. Projected 90-day minimum ZAR 12294.35 versus protected 12200. Safe today before changes: ZAR 11290.15. Requires the listed permitted recurring-spending changes.
request_73,66827.65,not_affordable,not_recommended,none,,none,No accepted complete plan meets the deadline and the 90-day minimum-balance constraint. Safe today before changes: INR 66827.65.
request_74,5010,affordable_now,full_payment,2025-08-04:5010,2025-08-04,none,full_payment: completes ZAR 5010 by 2025-08-04; total paid ZAR 5010. Projected 90-day minimum ZAR 48877.84 versus protected 21900. Safe today before changes: ZAR 5010.
request_75,8326.51,not_affordable,not_recommended,none,,none,No accepted complete plan meets the deadline and the 90-day minimum-balance constraint. Safe today before changes: ZAR 8326.51.
request_76,610.46,not_affordable,not_recommended,none,,none,No accepted complete plan meets the deadline and the 90-day minimum-balance constraint. Safe today before changes: USD 610.46.
request_77,58518.3,not_affordable,not_recommended,none,,none,No accepted complete plan meets the deadline and the 90-day minimum-balance constraint. Safe today before changes: INR 58518.3.
request_78,41900.98,not_affordable,not_recommended,none,,none,No accepted complete plan meets the deadline and the 90-day minimum-balance constraint. Safe today before changes: INR 41900.98.
request_79,184.38,not_affordable,not_recommended,none,,none,No accepted complete plan meets the deadline and the 90-day minimum-balance constraint. Safe today before changes: EUR 184.38.
request_80,108038.26,not_affordable,not_recommended,none,,none,No accepted complete plan meets the deadline and the 90-day minimum-balance constraint. Safe today before changes: INR 108038.26.
request_81,2025.67,affordable_with_plan,full_payment,2026-07-03:2076,,reduce_to:event_7624:78.43,full_payment: completes USD 2076 by 2026-07-03; total paid USD 2076. Projected 90-day minimum USD 1600.01 versus protected 1600. Safe today before changes: USD 2025.67. Requires the listed permitted recurring-spending changes.
request_82,253.25,affordable_later,wait,2025-02-15:1405.2,2025-02-15,none,wait: completes USD 1405.2 by 2025-02-15; total paid USD 1405.2. Projected 90-day minimum USD 1353.25 versus protected 1100. Safe today before changes: USD 253.25.
request_83,5950.35,not_affordable,not_recommended,none,,none,No accepted complete plan meets the deadline and the 90-day minimum-balance constraint. Safe today before changes: INR 5950.35.
request_84,19733.9,affordable_later,wait,2026-06-15:95400,2026-06-15,none,wait: completes INR 95400 by 2026-06-15; total paid INR 95400. Projected 90-day minimum INR 93757.48 versus protected 91300. Safe today before changes: INR 19733.9.
request_85,278915.89,not_affordable,not_recommended,none,,none,No accepted complete plan meets the deadline and the 90-day minimum-balance constraint. Safe today before changes: IDR 278915.89.
request_86,46300,affordable_now,full_payment,2025-08-03:46300,2025-08-03,none,full_payment: completes INR 46300 by 2025-08-03; total paid INR 46300. Projected 90-day minimum INR 86001.03 versus protected 84900. Safe today before changes: INR 46300.
request_87,6621.46,not_affordable,not_recommended,none,,none,No accepted complete plan meets the deadline and the 90-day minimum-balance constraint. Safe today before changes: INR 6621.46.
request_88,10497.62,affordable_with_plan,installments,2024-06-14:9045.23|2024-07-15:9045.23|2024-08-15:9045.23,2024-07-15,none,installments: completes ZAR 26092 by 2024-08-15; total paid ZAR 27135.69. Projected 90-day minimum ZAR 27252.39 versus protected 25800. Safe today before changes: ZAR 10497.62.
request_89,9047662.12,not_affordable,not_recommended,none,2026-01-15,none,No accepted complete plan meets the deadline and the 90-day minimum-balance constraint. Safe today before changes: IDR 9047662.12.
request_90,2560,affordable_now,full_payment,2026-07-06:2560,2026-07-06,none,full_payment: completes ZAR 2560 by 2026-07-06; total paid ZAR 2560. Projected 90-day minimum ZAR 17108.87 versus protected 7600. Safe today before changes: ZAR 2560.
request_91,234.74,affordable_later,wait,2024-11-15:1927.2,2024-11-15,none,wait: completes EUR 1927.2 by 2024-11-15; total paid EUR 1927.2. Projected 90-day minimum EUR 2334.74 versus protected 2100. Safe today before changes: EUR 234.74.
request_92,34034,affordable_now,full_payment,2025-02-05:34034,2025-02-05,none,full_payment: completes ZAR 34034 by 2025-02-05; total paid ZAR 34034. Projected 90-day minimum ZAR 29521 versus protected 28100. Safe today before changes: ZAR 34034.
request_93,1729.2,affordable_now,full_payment,2026-04-07:1729.2,2026-04-07,none,full_payment: completes USD 1729.2 by 2026-04-07; total paid USD 1729.2. Projected 90-day minimum USD 1982.33 versus protected 1900. Safe today before changes: USD 1729.2.
request_94,572,affordable_now,full_payment,2024-12-04:572,2024-12-04,none,full_payment: completes EUR 572 by 2024-12-04; total paid EUR 572. Projected 90-day minimum EUR 964.31 versus protected 600. Safe today before changes: EUR 572.
request_95,0,not_affordable,not_recommended,none,,none,No accepted complete plan meets the deadline and the 90-day minimum-balance constraint. Safe today before changes: INR 0.
request_96,72366.61,affordable_with_plan,installments,2026-01-10:31269.33|2026-02-09:31269.33|2026-03-11:31269.33,2026-02-15,reduce_to:event_8968:2795.95,installments: completes INR 90200 by 2026-03-11; total paid INR 93807.99. Projected 90-day minimum INR 56500.03 versus protected 56500. Safe today before changes: INR 72366.61. Requires the listed permitted recurring-spending changes.
request_97,1205.18,affordable_with_plan,installments,2024-03-19:8145.28|2024-04-19:8145.28|2024-05-20:8145.28,2024-05-15,none,installments: completes ZAR 23496 by 2024-05-20; total paid ZAR 24435.84. Projected 90-day minimum ZAR 30905.18 versus protected 29700. Safe today before changes: ZAR 1205.18.
request_98,5445.05,not_affordable,not_recommended,none,,none,No accepted complete plan meets the deadline and the 90-day minimum-balance constraint. Safe today before changes: ZAR 5445.05.
request_99,16197.16,affordable_with_plan,full_payment,2026-07-04:18062,,reduce_to:event_9220:1567.53|stop:event_9164,full_payment: completes ZAR 18062 by 2026-07-04; total paid ZAR 18062. Projected 90-day minimum ZAR 49100 versus protected 49100. Safe today before changes: ZAR 16197.16. Requires the listed permitted recurring-spending changes.
request_100,24860.09,not_affordable,not_recommended,none,2024-08-15,none,No accepted complete plan meets the deadline and the 90-day minimum-balance constraint. Safe today before changes: ZAR 24860.09.
request_101,143500,affordable_now,full_payment,2025-11-03:143500,2025-11-03,none,full_payment: completes INR 143500 by 2025-11-03; total paid INR 143500. Projected 90-day minimum INR 191700.41 versus protected 187400. Safe today before changes: INR 143500.
request_102,1716,affordable_with_plan,installments,2026-04-05:594.88|2026-05-05:594.88|2026-06-04:594.88,2026-04-05,none,installments: completes EUR 1716 by 2026-06-04; total paid EUR 1784.64. Projected 90-day minimum EUR 1844.58 versus protected 900. Safe today before changes: EUR 1716.
request_103,477.51,not_affordable,not_recommended,none,,none,No accepted complete plan meets the deadline and the 90-day minimum-balance constraint. Safe today before changes: INR 477.51.
request_104,17204,affordable_now,full_payment,2025-02-04:17204,2025-02-04,none,full_payment: completes ZAR 17204 by 2025-02-04; total paid ZAR 17204. Projected 90-day minimum ZAR 28993.07 versus protected 24700. Safe today before changes: ZAR 17204.
request_105,48795.51,not_affordable,not_recommended,none,,none,No accepted complete plan meets the deadline and the 90-day minimum-balance constraint. Safe today before changes: INR 48795.51.
request_106,438.72,affordable_later,wait,2025-02-15:2207.7,2025-02-15,none,wait: completes EUR 2207.7 by 2025-02-15; total paid EUR 2207.7. Projected 90-day minimum EUR 1638.72 versus protected 1200. Safe today before changes: EUR 438.72.
request_107,2088.14,not_affordable,not_recommended,none,,none,No accepted complete plan meets the deadline and the 90-day minimum-balance constraint. Safe today before changes: EUR 2088.14.
request_108,1405.38,not_affordable,not_recommended,none,,none,No accepted complete plan meets the deadline and the 90-day minimum-balance constraint. Safe today before changes: ZAR 1405.38.
request_109,426.81,not_affordable,not_recommended,none,2024-05-15,none,No accepted complete plan meets the deadline and the 90-day minimum-balance constraint. Safe today before changes: EUR 426.81.
request_110,22352,affordable_with_plan,installments,2025-08-06:7748.69|2025-09-03:7748.69|2025-10-01:7748.69,2025-08-06,none,installments: completes ZAR 22352 by 2025-10-01; total paid ZAR 23246.07. Projected 90-day minimum ZAR 21049.33 versus protected 11200. Safe today before changes: ZAR 22352.
request_111,14314834.85,affordable_with_plan,full_payment,2026-04-03:16625000,,stop:event_10240|reduce_to:event_10294:362189.84,full_payment: completes IDR 16625000 by 2026-04-03; total paid IDR 16625000. Projected 90-day minimum IDR 23022800.01 versus protected 23022800. Safe today before changes: IDR 14314834.85. Requires the listed permitted recurring-spending changes.
request_112,208.54,affordable_with_plan,full_payment,2024-06-05:271.7,,reduce_to:event_10388:18.81,full_payment: completes EUR 271.7 by 2024-06-05; total paid EUR 271.7. Projected 90-day minimum EUR 500.01 versus protected 500. Safe today before changes: EUR 208.54. Requires the listed permitted recurring-spending changes.
request_113,15633.68,not_affordable,not_recommended,none,,none,No accepted complete plan meets the deadline and the 90-day minimum-balance constraint. Safe today before changes: INR 15633.68.
request_114,49061.95,not_affordable,not_recommended,none,,none,No accepted complete plan meets the deadline and the 90-day minimum-balance constraint. Safe today before changes: INR 49061.95.
request_115,14426.44,affordable_later,wait,2024-11-15:80500,2024-11-15,none,wait: completes INR 80500 by 2024-11-15; total paid INR 80500. Projected 90-day minimum INR 53226.44 versus protected 38800. Safe today before changes: INR 14426.44.
request_116,1840.92,not_affordable,not_recommended,none,,none,No accepted complete plan meets the deadline and the 90-day minimum-balance constraint. Safe today before changes: INR 1840.92.
request_117,835.82,affordable_with_plan,full_payment,2026-07-05:880,,reduce_to:event_10866:23.93|stop:event_10809,full_payment: completes EUR 880 by 2026-07-05; total paid EUR 880. Projected 90-day minimum EUR 1000 versus protected 1000. Safe today before changes: EUR 835.82. Requires the listed permitted recurring-spending changes.
request_118,632.5,affordable_with_plan,installments,2024-12-07:255.87|2025-01-07:255.87|2025-02-07:255.87,2024-12-15,none,installments: completes EUR 738.1 by 2025-02-07; total paid EUR 767.61. Projected 90-day minimum EUR 821.91 versus protected 600. Safe today before changes: EUR 632.5.
request_119,56600.98,not_affordable,not_recommended,none,2025-07-15,none,No accepted complete plan meets the deadline and the 90-day minimum-balance constraint. Safe today before changes: INR 56600.98.
request_120,7714000,affordable_now,full_payment,2026-04-06:7714000,2026-04-06,none,full_payment: completes IDR 7714000 by 2026-04-06; total paid IDR 7714000. Projected 90-day minimum IDR 20665694.06 versus protected 20050300. Safe today before changes: IDR 7714000.
request_121,633.6,affordable_now,full_payment,2024-03-03:633.6,2024-03-03,none,full_payment: completes USD 633.6 by 2024-03-03; total paid USD 633.6. Projected 90-day minimum USD 848.03 versus protected 800. Safe today before changes: USD 633.6.
request_122,20558000,affordable_with_plan,installments,2025-08-05:7126773.33|2025-09-02:7126773.33|2025-09-30:7126773.33,2025-08-05,none,installments: completes IDR 20558000 by 2025-09-30; total paid IDR 21380319.99. Projected 90-day minimum IDR 26983292.43 versus protected 12588500. Safe today before changes: IDR 20558000.
request_123,0,not_affordable,not_recommended,none,,none,No accepted complete plan meets the deadline and the 90-day minimum-balance constraint. Safe today before changes: IDR 0.
request_124,1352.75,not_affordable,not_recommended,none,2024-08-15,none,No accepted complete plan meets the deadline and the 90-day minimum-balance constraint. Safe today before changes: EUR 1352.75.
request_125,5364.32,not_affordable,not_recommended,none,,none,No accepted complete plan meets the deadline and the 90-day minimum-balance constraint. Safe today before changes: ZAR 5364.32.
request_126,156227.83,affordable_with_plan,full_payment,2026-07-03:159600,,reduce_to:event_11610:3168.37,full_payment: completes INR 159600 by 2026-07-03; total paid INR 159600. Projected 90-day minimum INR 129700.01 versus protected 129700. Safe today before changes: INR 156227.83. Requires the listed permitted recurring-spending changes.
request_127,5412.71,not_affordable,not_recommended,none,,none,No accepted complete plan meets the deadline and the 90-day minimum-balance constraint. Safe today before changes: ZAR 5412.71.
request_128,25168,affordable_now,full_payment,2025-02-07:25168,2025-02-07,none,full_payment: completes ZAR 25168 by 2025-02-07; total paid ZAR 25168. Projected 90-day minimum ZAR 42747.93 versus protected 42600. Safe today before changes: ZAR 25168.
request_129,102.49,not_affordable,not_recommended,none,,none,No accepted complete plan meets the deadline and the 90-day minimum-balance constraint. Safe today before changes: USD 102.49.
request_130,356.12,affordable_later,wait,2025-02-15:1978.8,2025-02-15,none,wait: completes USD 1978.8 by 2025-02-15; total paid USD 1978.8. Projected 90-day minimum USD 1702.31 versus protected 1400. Safe today before changes: USD 356.12.
request_131,0,not_affordable,not_recommended,none,,none,No accepted complete plan meets the deadline and the 90-day minimum-balance constraint. Safe today before changes: USD 0.
request_132,221.85,not_affordable,not_recommended,none,,none,No accepted complete plan meets the deadline and the 90-day minimum-balance constraint. Safe today before changes: USD 221.85.
request_133,0,not_affordable,not_recommended,none,,none,No accepted complete plan meets the deadline and the 90-day minimum-balance constraint. Safe today before changes: IDR 0.
request_134,3774424.4,affordable_later,wait,2025-10-15:21831000,2025-10-15,none,wait: completes IDR 21831000 by 2025-10-15; total paid IDR 21831000. Projected 90-day minimum IDR 19676924.4 versus protected 15902500. Safe today before changes: IDR 3774424.4.
request_135,257.59,not_affordable,not_recommended,none,,none,No accepted complete plan meets the deadline and the 90-day minimum-balance constraint. Safe today before changes: USD 257.59.
request_136,481.14,not_affordable,not_recommended,none,,none,No accepted complete plan meets the deadline and the 90-day minimum-balance constraint. Safe today before changes: USD 481.14.
request_137,9660.61,not_affordable,not_recommended,none,,none,No accepted complete plan meets the deadline and the 90-day minimum-balance constraint. Safe today before changes: INR 9660.61.
request_138,708.77,affordable_with_plan,partial_payment,2026-04-07:708.77|2026-04-15:548.17,2026-04-15,none,partial_payment: completes EUR 1256.94 by 2026-04-15; total paid EUR 1256.94. Projected 90-day minimum EUR 2300 versus protected 2300. Safe today before changes: EUR 708.77.
request_139,1236.14,not_affordable,not_recommended,none,2024-11-15,none,No accepted complete plan meets the deadline and the 90-day minimum-balance constraint. Safe today before changes: USD 1236.14.
request_140,1182.68,not_affordable,not_recommended,none,,none,No accepted complete plan meets the deadline and the 90-day minimum-balance constraint. Safe today before changes: ZAR 1182.68.
request_141,16060.5,not_affordable,not_recommended,none,,none,No accepted complete plan meets the deadline and the 90-day minimum-balance constraint. Safe today before changes: INR 16060.5.
request_142,1263.6,affordable_now,full_payment,2024-12-05:1263.6,2024-12-05,none,full_payment: completes USD 1263.6 by 2024-12-05; total paid USD 1263.6. Projected 90-day minimum USD 2943.56 versus protected 1700. Safe today before changes: USD 1263.6.
request_143,2285.35,affordable_later,wait,2025-07-15:12584,2025-07-15,none,wait: completes ZAR 12584 by 2025-07-15; total paid ZAR 12584. Projected 90-day minimum ZAR 11387.35 versus protected 11300. Safe today before changes: ZAR 2285.35.
request_144,161.12,affordable_with_plan,full_payment,2026-07-04:233.34,,stop:event_13214|reduce_to:event_13294:24.8,full_payment: completes USD 233.34 by 2026-07-04; total paid USD 233.34. Projected 90-day minimum USD 600.02 versus protected 600. Safe today before changes: USD 161.12. Requires the listed permitted recurring-spending changes.
request_145,18610.68,affordable_with_plan,installments,2024-03-20:75365.33|2024-04-20:75365.33|2024-05-21:75365.33,2024-05-15,none,installments: completes INR 217400 by 2024-05-21; total paid INR 226095.99. Projected 90-day minimum INR 174010.68 versus protected 155400. Safe today before changes: INR 18610.68.
request_146,12368.02,not_affordable,not_recommended,none,,none,No accepted complete plan meets the deadline and the 90-day minimum-balance constraint. Safe today before changes: INR 12368.02.
request_147,450.01,affordable_with_plan,installments,2026-04-08:391.63|2026-05-08:391.63|2026-06-07:391.63,2026-05-15,none,installments: completes EUR 1129.7 by 2026-06-07; total paid EUR 1174.89. Projected 90-day minimum EUR 945.63 versus protected 900. Safe today before changes: EUR 450.01.
request_148,6771.79,affordable_with_plan,installments,2024-06-14:7710.56|2024-07-15:7710.56|2024-08-15:7710.56,2024-08-15,stop:event_13564|stop:event_13565,installments: completes ZAR 22242 by 2024-08-15; total paid ZAR 23131.68. Projected 90-day minimum ZAR 20287.73 versus protected 20000. Safe today before changes: ZAR 6771.79. Requires the listed permitted recurring-spending changes.
request_149,21422.44,affordable_with_plan,installments,2025-11-18:12706.03|2025-12-16:12706.03|2026-01-13:12706.03,2026-01-15,stop:event_13670|reduce_to:event_13671:1039.95,installments: completes ZAR 36652 by 2026-01-13; total paid ZAR 38118.09. Projected 90-day minimum ZAR 42100 versus protected 42100. Safe today before changes: ZAR 21422.44. Requires the listed permitted recurring-spending changes.
request_150,235.54,not_affordable,not_recommended,none,2026-03-15,none,No accepted complete plan meets the deadline and the 90-day minimum-balance constraint. Safe today before changes: EUR 235.54.
request_151,26999000,affordable_now,full_payment,2024-09-03:26999000,2024-09-03,none,full_payment: completes IDR 26999000 by 2024-09-03; total paid IDR 26999000. Projected 90-day minimum IDR 31640595.25 versus protected 31633600. Safe today before changes: IDR 26999000.
request_152,10762.87,not_affordable,not_recommended,none,,none,No accepted complete plan meets the deadline and the 90-day minimum-balance constraint. Safe today before changes: ZAR 10762.87.
request_153,0,not_affordable,not_recommended,none,,none,No accepted complete plan meets the deadline and the 90-day minimum-balance constraint. Safe today before changes: USD 0.
request_154,1625.8,affordable_with_plan,installments,2024-12-04:563.61|2025-01-04:563.61|2025-02-04:563.61,2024-12-04,none,installments: completes EUR 1625.8 by 2025-02-04; total paid EUR 1690.83. Projected 90-day minimum EUR 2227.67 versus protected 1300. Safe today before changes: EUR 1625.8.
request_155,112500,affordable_now,full_payment,2025-05-06:112500,2025-05-06,none,full_payment: completes INR 112500 by 2025-05-06; total paid INR 112500. Projected 90-day minimum INR 75929.95 versus protected 56300. Safe today before changes: INR 112500.
request_156,8311.95,affordable_later,wait,2026-06-15:43076,2026-06-15,none,wait: completes ZAR 43076 by 2026-06-15; total paid ZAR 43076. Projected 90-day minimum ZAR 35211.95 versus protected 26900. Safe today before changes: ZAR 8311.95.
request_157,4352610.76,affordable_later,wait,2024-05-15:23503000,2024-05-15,none,wait: completes IDR 23503000 by 2024-05-15; total paid IDR 23503000. Projected 90-day minimum IDR 16825280.82 versus protected 15714100. Safe today before changes: IDR 4352610.76.
request_158,198112.56,not_affordable,not_recommended,none,,none,No accepted complete plan meets the deadline and the 90-day minimum-balance constraint. Safe today before changes: INR 198112.56.
request_159,0,not_affordable,not_recommended,none,,none,No accepted complete plan meets the deadline and the 90-day minimum-balance constraint. Safe today before changes: ZAR 0.
request_160,560.31,affordable_with_plan,installments,2024-06-13:432.05|2024-07-14:432.05|2024-08-14:432.05,2024-07-15,none,installments: completes EUR 1246.3 by 2024-08-14; total paid EUR 1296.15. Projected 90-day minimum EUR 1328.26 versus protected 1200. Safe today before changes: EUR 560.31.
request_161,5049563.86,affordable_later,wait,2026-01-15:21204000,2026-01-15,none,wait: completes IDR 21204000 by 2026-01-15; total paid IDR 21204000. Projected 90-day minimum IDR 27860470.84 versus protected 23010400. Safe today before changes: IDR 5049563.86.
request_162,532403.37,not_affordable,not_recommended,none,,none,No accepted complete plan meets the deadline and the 90-day minimum-balance constraint. Safe today before changes: IDR 532403.37.
request_163,7728574.19,affordable_with_plan,installments,2024-09-10:6692053.33|2024-10-11:6692053.33|2024-11-11:6692053.33,2024-09-15,none,installments: completes IDR 19304000 by 2024-11-11; total paid IDR 20076159.99. Projected 90-day minimum IDR 27765220.86 versus protected 26728700. Safe today before changes: IDR 7728574.19.
request_164,27018000,affordable_with_plan,installments,2025-02-11:9366240|2025-03-11:9366240|2025-04-08:9366240,2025-02-04,none,installments: completes IDR 27018000 by 2025-04-08; total paid IDR 28098720. Projected 90-day minimum IDR 48942758.19 versus protected 29550500. Safe today before changes: IDR 27018000.
request_165,53723.84,not_affordable,not_recommended,none,,none,No accepted complete plan meets the deadline and the 90-day minimum-balance constraint. Safe today before changes: INR 53723.84.
request_166,2907.6,affordable_with_plan,installments,2024-12-03:1007.97|2025-01-03:1007.97|2025-02-03:1007.97,2024-12-03,none,installments: completes USD 2907.6 by 2025-02-03; total paid USD 3023.91. Projected 90-day minimum USD 4195.7 versus protected 1700. Safe today before changes: USD 2907.6.
request_167,0,not_affordable,not_recommended,none,,none,No accepted complete plan meets the deadline and the 90-day minimum-balance constraint. Safe today before changes: ZAR 0.
request_168,23661.78,affordable_with_plan,partial_payment,2026-01-07:23661.78|2026-03-15:25718.22,2026-03-15,none,partial_payment: completes INR 49380 by 2026-03-15; total paid INR 49380. Projected 90-day minimum INR 114400 versus protected 114400. Safe today before changes: INR 23661.78.
request_169,41976,affordable_now,full_payment,2024-03-04:41976,2024-03-04,none,full_payment: completes ZAR 41976 by 2024-03-04; total paid ZAR 41976. Projected 90-day minimum ZAR 23431.83 versus protected 18700. Safe today before changes: ZAR 41976.
request_170,28515416.9,affordable_with_plan,installments,2025-08-06:12804480|2025-09-03:12804480|2025-10-01:12804480,,stop:event_15577|reduce_to:event_15658:889387.24,installments: completes IDR 36936000 by 2025-10-01; total paid IDR 38413440. Projected 90-day minimum IDR 24715800.01 versus protected 24715800. Safe today before changes: IDR 28515416.9. Requires the listed permitted recurring-spending changes.
request_171,10.72,not_affordable,not_recommended,none,,none,No accepted complete plan meets the deadline and the 90-day minimum-balance constraint. Safe today before changes: EUR 10.72.
request_172,8195.57,affordable_with_plan,partial_payment,2024-06-05:8195.57|2024-07-15:2004.43,2024-07-15,none,partial_payment: completes ZAR 10200 by 2024-07-15; total paid ZAR 10200. Projected 90-day minimum ZAR 27200 versus protected 27200. Safe today before changes: ZAR 8195.57.
request_173,52088.38,affordable_with_plan,installments,2025-11-21:39173.33|2025-12-19:39173.33|2026-01-16:39173.33,,reduce_to:event_15922:3328.07,installments: completes INR 113000 by 2026-01-16; total paid INR 117519.99. Projected 90-day minimum INR 79100.08 versus protected 79100. Safe today before changes: INR 52088.38. Requires the listed permitted recurring-spending changes.
request_174,1146.2,affordable_with_plan,installments,2026-04-04:397.35|2026-05-04:397.35|2026-06-03:397.35,2026-04-04,stop:event_15951,installments: completes EUR 1146.2 by 2026-06-03; total paid EUR 1192.05. Projected 90-day minimum EUR 726.91 versus protected 700. Safe today before changes: EUR 1146.2. Requires the listed permitted recurring-spending changes.
request_175,2346.3,affordable_now,full_payment,2024-09-06:2346.3,2024-09-06,none,full_payment: completes EUR 2346.3 by 2024-09-06; total paid EUR 2346.3. Projected 90-day minimum EUR 1836.91 versus protected 1700. Safe today before changes: EUR 2346.3.
request_176,338.88,not_affordable,not_recommended,none,,none,No accepted complete plan meets the deadline and the 90-day minimum-balance constraint. Safe today before changes: EUR 338.88.
request_177,1017.6,affordable_now,full_payment,2026-01-05:1017.6,2026-01-05,none,full_payment: completes USD 1017.6 by 2026-01-05; total paid USD 1017.6. Projected 90-day minimum USD 1349.1 versus protected 1300. Safe today before changes: USD 1017.6.
request_178,2938.1,affordable_with_plan,installments,2024-12-07:1018.54|2025-01-07:1018.54|2025-02-07:1018.54,2024-12-07,none,installments: completes EUR 2938.1 by 2025-02-07; total paid EUR 3055.62. Projected 90-day minimum EUR 3186.9 versus protected 1400. Safe today before changes: EUR 2938.1.
request_179,4531066.9,affordable_later,wait,2025-07-15:41648000,2025-07-15,none,wait: completes IDR 41648000 by 2025-07-15; total paid IDR 41648000. Projected 90-day minimum IDR 45961866.9 versus protected 41430800. Safe today before changes: IDR 4531066.9.
request_180,66500,affordable_now,full_payment,2026-07-06:66500,2026-07-06,none,full_payment: completes INR 66500 by 2026-07-06; total paid INR 66500. Projected 90-day minimum INR 47211.91 versus protected 37300. Safe today before changes: INR 66500.
request_181,132.87,not_affordable,not_recommended,none,,none,No accepted complete plan meets the deadline and the 90-day minimum-balance constraint. Safe today before changes: USD 132.87.
request_182,65714,affordable_now,full_payment,2025-08-05:65714,2025-08-05,none,full_payment: completes ZAR 65714 by 2025-08-05; total paid ZAR 65714. Projected 90-day minimum ZAR 42193.44 versus protected 31100. Safe today before changes: ZAR 65714.
request_183,22485922.85,affordable_with_plan,installments,2026-04-10:9313546.67|2026-05-10:9313546.67|2026-06-09:9313546.67,2026-06-15,stop:event_16781|reduce_to:event_16783:477489.32|stop:event_16782,installments: completes IDR 26866000 by 2026-06-09; total paid IDR 27940640.01. Projected 90-day minimum IDR 11878300.01 versus protected 11878300. Safe today before changes: IDR 22485922.85. Requires the listed permitted recurring-spending changes.
request_184,4465.97,not_affordable,not_recommended,none,,none,No accepted complete plan meets the deadline and the 90-day minimum-balance constraint. Safe today before changes: INR 4465.97.
request_185,289.13,not_affordable,not_recommended,none,,none,No accepted complete plan meets the deadline and the 90-day minimum-balance constraint. Safe today before changes: EUR 289.13.
request_186,3048.05,affordable_later,wait,2026-03-15:26554,2026-03-15,none,wait: completes ZAR 26554 by 2026-03-15; total paid ZAR 26554. Projected 90-day minimum ZAR 24434.31 versus protected 22000. Safe today before changes: ZAR 3048.05.
request_187,36573.65,affordable_later,wait,2024-11-15:187500,2024-11-15,none,wait: completes INR 187500 by 2024-11-15; total paid INR 187500. Projected 90-day minimum INR 164873.65 versus protected 128300. Safe today before changes: INR 36573.65.
request_188,0,not_affordable,not_recommended,none,,none,No accepted complete plan meets the deadline and the 90-day minimum-balance constraint. Safe today before changes: EUR 0.
request_189,488.4,affordable_now,full_payment,2026-07-04:488.4,2026-07-04,none,full_payment: completes EUR 488.4 by 2026-07-04; total paid EUR 488.4. Projected 90-day minimum EUR 464.36 versus protected 400. Safe today before changes: EUR 488.4.
request_190,395.49,not_affordable,not_recommended,none,,none,No accepted complete plan meets the deadline and the 90-day minimum-balance constraint. Safe today before changes: EUR 395.49.
request_191,664.4,affordable_now,full_payment,2025-05-03:664.4,2025-05-03,none,full_payment: completes EUR 664.4 by 2025-05-03; total paid EUR 664.4. Projected 90-day minimum EUR 592.08 versus protected 500. Safe today before changes: EUR 664.4.
request_192,3.97,not_affordable,not_recommended,none,,none,No accepted complete plan meets the deadline and the 90-day minimum-balance constraint. Safe today before changes: USD 3.97.
request_193,0,affordable_with_plan,installments,2024-03-21:420.23|2024-04-21:420.23|2024-05-22:420.23,,stop:event_17739,installments: completes EUR 1212.2 by 2024-05-22; total paid EUR 1260.69. Projected 90-day minimum EUR 1010.35 versus protected 1000. Safe today before changes: EUR 0. Requires the listed permitted recurring-spending changes.
request_194,32023.73,affordable_later,wait,2025-10-23:132800,2025-10-23,none,wait: completes INR 132800 by 2025-10-23; total paid INR 132800. Projected 90-day minimum INR 145623.73 versus protected 113600. Safe today before changes: INR 32023.73.
request_195,953.74,not_affordable,not_recommended,none,,none,No accepted complete plan meets the deadline and the 90-day minimum-balance constraint. Safe today before changes: EUR 953.74.
request_196,762.3,affordable_now,full_payment,2024-06-03:762.3,2024-06-03,none,full_payment: completes EUR 762.3 by 2024-06-03; total paid EUR 762.3. Projected 90-day minimum EUR 656.62 versus protected 500. Safe today before changes: EUR 762.3.
request_197,49388285.56,affordable_with_plan,partial_payment,2025-11-05:49388285.56|2026-01-15:1550714.44,2026-01-15,none,partial_payment: completes IDR 50939000 by 2026-01-15; total paid IDR 50939000. Projected 90-day minimum IDR 26245900 versus protected 26245900. Safe today before changes: IDR 49388285.56.
request_198,185800,affordable_now,full_payment,2026-07-07:185800,2026-07-07,none,full_payment: completes INR 185800 by 2026-07-07; total paid INR 185800. Projected 90-day minimum INR 154640.95 versus protected 124300. Safe today before changes: INR 185800.
request_199,21758355.75,affordable_with_plan,installments,2024-09-07:8206986.67|2024-10-08:8206986.67|2024-11-08:8206986.67,,reduce_to:event_18279:873654.43|stop:event_18276,installments: completes IDR 23674000 by 2024-11-08; total paid IDR 24620960.01. Projected 90-day minimum IDR 25359500 versus protected 25359500. Safe today before changes: IDR 21758355.75. Requires the listed permitted recurring-spending changes.
request_200,21717000,affordable_now,full_payment,2025-02-06:21717000,2025-02-06,none,full_payment: completes IDR 21717000 by 2025-02-06; total paid IDR 21717000. Projected 90-day minimum IDR 23799341.11 versus protected 20114600. Safe today before changes: IDR 21717000.
request_201,23997000,affordable_now,full_payment,2026-04-03:23997000,2026-04-03,none,full_payment: completes IDR 23997000 by 2026-04-03; total paid IDR 23997000. Projected 90-day minimum IDR 20703726.72 versus protected 17304500. Safe today before changes: IDR 23997000.
request_202,123900,affordable_now,full_payment,2024-12-05:123900,2024-12-05,none,full_payment: completes INR 123900 by 2024-12-05; total paid INR 123900. Projected 90-day minimum INR 163358.88 versus protected 147800. Safe today before changes: INR 123900.
request_203,596.67,not_affordable,not_recommended,none,,none,No accepted complete plan meets the deadline and the 90-day minimum-balance constraint. Safe today before changes: EUR 596.67.
request_204,546.3,affordable_with_plan,full_payment,2026-01-04:588.74,,stop:event_18735|reduce_to:event_18815:50.68,full_payment: completes EUR 588.74 by 2026-01-04; total paid EUR 588.74. Projected 90-day minimum EUR 1300 versus protected 1300. Safe today before changes: EUR 546.3. Requires the listed permitted recurring-spending changes.
request_205,10621000,affordable_now,full_payment,2024-03-06:10621000,2024-03-06,none,full_payment: completes IDR 10621000 by 2024-03-06; total paid IDR 10621000. Projected 90-day minimum IDR 15121177.09 versus protected 13994300. Safe today before changes: IDR 10621000.
request_206,1366.86,not_affordable,not_recommended,none,,none,No accepted complete plan meets the deadline and the 90-day minimum-balance constraint. Safe today before changes: EUR 1366.86.
request_207,4176.47,affordable_later,wait,2026-07-15:11830,2026-07-15,none,wait: completes ZAR 11830 by 2026-07-15; total paid ZAR 11830. Projected 90-day minimum ZAR 14577.72 versus protected 13600. Safe today before changes: ZAR 4176.47.
request_208,2841210.92,affordable_later,wait,2024-06-15:4413000,2024-06-15,none,wait: completes IDR 4413000 by 2024-06-15; total paid IDR 4413000. Projected 90-day minimum IDR 11449280.95 versus protected 10470700. Safe today before changes: IDR 2841210.92.
request_209,1414.4,not_affordable,not_recommended,none,,none,No accepted complete plan meets the deadline and the 90-day minimum-balance constraint. Safe today before changes: ZAR 1414.4.
request_210,802.81,affordable_with_plan,partial_payment,2026-04-06:802.81|2026-04-15:557.21,2026-04-15,none,partial_payment: completes USD 1360.02 by 2026-04-15; total paid USD 1360.02. Projected 90-day minimum USD 2000 versus protected 2000. Safe today before changes: USD 802.81.
request_211,243.51,affordable_later,wait,2024-11-15:1788.6,2024-11-15,none,wait: completes EUR 1788.6 by 2024-11-15; total paid EUR 1788.6. Projected 90-day minimum EUR 1743.51 versus protected 1500. Safe today before changes: EUR 243.51.
request_212,2956202.37,not_affordable,not_recommended,none,,none,No accepted complete plan meets the deadline and the 90-day minimum-balance constraint. Safe today before changes: IDR 2956202.37.
request_213,2020.36,not_affordable,not_recommended,none,,none,No accepted complete plan meets the deadline and the 90-day minimum-balance constraint. Safe today before changes: USD 2020.36.
request_214,34421.08,affordable_with_plan,partial_payment,2024-12-04:34421.08|2025-01-15:35328.92,2025-01-15,none,partial_payment: completes INR 69750 by 2025-01-15; total paid INR 69750. Projected 90-day minimum INR 174900 versus protected 174900. Safe today before changes: INR 34421.08.
request_215,28427.48,affordable_with_plan,installments,2025-05-09:10395.15|2025-06-06:10395.15|2025-07-04:10395.15,,stop:event_19761|reduce_to:event_19763:509.1|reduce_to:event_19762:271.7,installments: completes ZAR 29986 by 2025-07-04; total paid ZAR 31185.45. Projected 90-day minimum ZAR 15700.02 versus protected 15700. Safe today before changes: ZAR 28427.48. Requires the listed permitted recurring-spending changes.
request_216,433.94,affordable_later,wait,2026-09-15:3332.4,2026-09-15,none,wait: completes USD 3332.4 by 2026-09-15; total paid USD 3332.4. Projected 90-day minimum USD 2233.94 versus protected 1800. Safe today before changes: USD 433.94.
request_217,17783.36,affordable_with_plan,installments,2024-03-19:12889.07|2024-04-19:12889.07|2024-05-20:12889.07,,reduce_to:event_20033:707.25|reduce_to:event_19950:561.44,installments: completes ZAR 37180 by 2024-05-20; total paid ZAR 38667.21. Projected 90-day minimum ZAR 26800 versus protected 26800. Safe today before changes: ZAR 17783.36. Requires the listed permitted recurring-spending changes.
request_218,23912703.18,affordable_with_plan,installments,2025-08-07:21195893.33|2025-09-04:21195893.33|2025-10-02:21195893.33,2025-09-15,none,installments: completes IDR 61142000 by 2025-10-02; total paid IDR 63587679.99. Projected 90-day minimum IDR 36056844.25 versus protected 34477200. Safe today before changes: IDR 23912703.18.
request_219,685.91,affordable_with_plan,installments,2026-04-07:580.01|2026-05-07:580.01|2026-06-06:580.01,2026-05-15,reduce_to:event_20135:33.16,installments: completes EUR 1673.1 by 2026-06-06; total paid EUR 1740.03. Projected 90-day minimum EUR 1100.02 versus protected 1100. Safe today before changes: EUR 685.91. Requires the listed permitted recurring-spending changes.
request_220,36.8,not_affordable,not_recommended,none,,none,No accepted complete plan meets the deadline and the 90-day minimum-balance constraint. Safe today before changes: EUR 36.8.
request_221,109800,affordable_now,full_payment,2025-11-03:109800,2025-11-03,none,full_payment: completes INR 109800 by 2025-11-03; total paid INR 109800. Projected 90-day minimum INR 99829.54 versus protected 81500. Safe today before changes: INR 109800.
request_222,34078,affordable_now,full_payment,2026-01-05:34078,2026-01-05,none,full_payment: completes ZAR 34078 by 2026-01-05; total paid ZAR 34078. Projected 90-day minimum ZAR 56034.61 versus protected 27300. Safe today before changes: ZAR 34078.
request_223,898.7,affordable_now,full_payment,2024-09-07:898.7,2024-09-07,none,full_payment: completes EUR 898.7 by 2024-09-07; total paid EUR 898.7. Projected 90-day minimum EUR 980.32 versus protected 800. Safe today before changes: EUR 898.7.
request_224,9093636.46,affordable_with_plan,installments,2025-02-04:5370040|2025-03-04:5370040,,reduce_to:event_20601:814533.52,installments: completes IDR 10327000 by 2025-03-04; total paid IDR 10740080. Projected 90-day minimum IDR 22187600.01 versus protected 22187600. Safe today before changes: IDR 9093636.46. Requires the listed permitted recurring-spending changes.
request_225,9163666.66,not_affordable,not_recommended,none,2026-09-15,none,No accepted complete plan meets the deadline and the 90-day minimum-balance constraint. Safe today before changes: IDR 9163666.66.
request_226,157000,affordable_now,full_payment,2024-12-03:157000,2024-12-03,none,full_payment: completes INR 157000 by 2024-12-03; total paid INR 157000. Projected 90-day minimum INR 230414.74 versus protected 209400. Safe today before changes: INR 157000.
request_227,6110.25,not_affordable,not_recommended,none,,none,No accepted complete plan meets the deadline and the 90-day minimum-balance constraint. Safe today before changes: INR 6110.25.
request_228,858461.94,not_affordable,not_recommended,none,,none,No accepted complete plan meets the deadline and the 90-day minimum-balance constraint. Safe today before changes: IDR 858461.94.
request_229,407.13,not_affordable,not_recommended,none,2024-05-15,none,No accepted complete plan meets the deadline and the 90-day minimum-balance constraint. Safe today before changes: EUR 407.13.
request_230,3537.6,affordable_now,full_payment,2025-08-06:3537.6,2025-08-06,none,full_payment: completes EUR 3537.6 by 2025-08-06; total paid EUR 3537.6. Projected 90-day minimum EUR 3923.94 versus protected 2000. Safe today before changes: EUR 3537.6.
request_231,29136.98,affordable_with_plan,installments,2026-01-06:12378.08|2026-02-05:12378.08|2026-03-07:12378.08,2026-03-15,reduce_to:event_21280:1199.86,installments: completes ZAR 35706 by 2026-03-07; total paid ZAR 37134.24. Projected 90-day minimum ZAR 24300.04 versus protected 24300. Safe today before changes: ZAR 29136.98. Requires the listed permitted recurring-spending changes.
request_232,210.1,not_affordable,not_recommended,none,,none,No accepted complete plan meets the deadline and the 90-day minimum-balance constraint. Safe today before changes: EUR 210.1.
request_233,3525655.68,affordable_with_plan,installments,2025-11-14:3245320|2025-12-15:3245320,,stop:event_21414,installments: completes IDR 6241000 by 2025-12-15; total paid IDR 6490640. Projected 90-day minimum IDR 10714001.86 versus protected 10365700. Safe today before changes: IDR 3525655.68. Requires the listed permitted recurring-spending changes.
request_234,166.5,affordable_later,wait,2026-09-15:1213.3,2026-09-15,none,wait: completes EUR 1213.3 by 2026-09-15; total paid EUR 1213.3. Projected 90-day minimum EUR 866.5 versus protected 700. Safe today before changes: EUR 166.5.
request_235,967.2,affordable_now,full_payment,2024-09-06:967.2,2024-09-06,none,full_payment: completes USD 967.2 by 2024-09-06; total paid USD 967.2. Projected 90-day minimum USD 790.57 versus protected 700. Safe today before changes: USD 967.2.
request_236,5253305.38,not_affordable,not_recommended,none,,none,No accepted complete plan meets the deadline and the 90-day minimum-balance constraint. Safe today before changes: IDR 5253305.38.
request_237,17727292.92,not_affordable,not_recommended,none,,none,No accepted complete plan meets the deadline and the 90-day minimum-balance constraint. Safe today before changes: IDR 17727292.92.
request_238,663.6,affordable_with_plan,installments,2024-12-07:230.05|2025-01-07:230.05|2025-02-07:230.05,2024-12-07,none,installments: completes USD 663.6 by 2025-02-07; total paid USD 690.15. Projected 90-day minimum USD 1230.44 versus protected 700. Safe today before changes: USD 663.6.
request_239,642,affordable_now,full_payment,2025-05-04:642,2025-05-04,none,full_payment: completes USD 642 by 2025-05-04; total paid USD 642. Projected 90-day minimum USD 635.65 versus protected 600. Safe today before changes: USD 642.
request_240,13491.65,not_affordable,not_recommended,none,,none,No accepted complete plan meets the deadline and the 90-day minimum-balance constraint. Safe today before changes: INR 13491.65.
request_241,21052000,affordable_with_plan,installments,2024-03-17:7298026.67|2024-04-17:7298026.67|2024-05-18:7298026.67,2024-03-03,stop:event_22136,installments: completes IDR 21052000 by 2024-05-18; total paid IDR 21894080.01. Projected 90-day minimum IDR 19350917.13 versus protected 19252000. Safe today before changes: IDR 21052000. Requires the listed permitted recurring-spending changes.
request_242,10.37,not_affordable,not_recommended,none,,none,No accepted complete plan meets the deadline and the 90-day minimum-balance constraint. Safe today before changes: EUR 10.37.
request_243,17468,affordable_now,full_payment,2026-07-07:17468,2026-07-07,none,full_payment: completes ZAR 17468 by 2026-07-07; total paid ZAR 17468. Projected 90-day minimum ZAR 22656.82 versus protected 19900. Safe today before changes: ZAR 17468.
request_244,49918,affordable_now,full_payment,2024-06-04:49918,2024-06-04,none,full_payment: completes ZAR 49918 by 2024-06-04; total paid ZAR 49918. Projected 90-day minimum ZAR 55460.72 versus protected 45900. Safe today before changes: ZAR 49918.
request_245,19677.22,not_affordable,not_recommended,none,,none,No accepted complete plan meets the deadline and the 90-day minimum-balance constraint. Safe today before changes: INR 19677.22.
request_246,62956.15,affordable_with_plan,installments,2026-04-03:22216.48|2026-05-03:22216.48|2026-06-02:22216.48,,reduce_to:event_22590:1255.23,installments: completes ZAR 64086 by 2026-06-02; total paid ZAR 66649.44. Projected 90-day minimum ZAR 39300.01 versus protected 39300. Safe today before changes: ZAR 62956.15. Requires the listed permitted recurring-spending changes.
request_247,1059.3,affordable_now,full_payment,2024-09-05:1059.3,2024-09-05,none,full_payment: completes EUR 1059.3 by 2024-09-05; total paid EUR 1059.3. Projected 90-day minimum EUR 1350.76 versus protected 1300. Safe today before changes: EUR 1059.3.
request_248,914.91,affordable_with_plan,partial_payment,2025-02-07:914.91|2025-04-15:1050.69,2025-04-15,none,partial_payment: completes USD 1965.6 by 2025-04-15; total paid USD 1965.6. Projected 90-day minimum USD 1300 versus protected 1300. Safe today before changes: USD 914.91.
request_249,111.05,not_affordable,not_recommended,none,,none,No accepted complete plan meets the deadline and the 90-day minimum-balance constraint. Safe today before changes: USD 111.05.
request_250,15007.81,not_affordable,not_recommended,none,,none,No accepted complete plan meets the deadline and the 90-day minimum-balance constraint. Safe today before changes: ZAR 15007.81.
request_251,0,not_affordable,not_recommended,none,,none,No accepted complete plan meets the deadline and the 90-day minimum-balance constraint. Safe today before changes: EUR 0.
request_252,3327025.91,affordable_later,wait,2026-09-15:28082000,2026-09-15,none,wait: completes IDR 28082000 by 2026-09-15; total paid IDR 28082000. Projected 90-day minimum IDR 18479225.91 versus protected 15152200. Safe today before changes: IDR 3327025.91.
request_253,1330.51,affordable_with_plan,installments,2024-03-21:984.6|2024-04-21:984.6|2024-05-22:984.6,2024-05-15,reduce_to:event_23293:76.81,installments: completes EUR 2840.2 by 2024-05-22; total paid EUR 2953.8. Projected 90-day minimum EUR 2300.03 versus protected 2300. Safe today before changes: EUR 1330.51. Requires the listed permitted recurring-spending changes.
request_254,592.2,affordable_later,wait,2025-10-15:3535.2,2025-10-15,none,wait: completes USD 3535.2 by 2025-10-15; total paid USD 3535.2. Projected 90-day minimum USD 3092.2 versus protected 2500. Safe today before changes: USD 592.2.
request_255,0,not_affordable,not_recommended,none,,none,No accepted complete plan meets the deadline and the 90-day minimum-balance constraint. Safe today before changes: IDR 0.
request_256,145685.49,affordable_with_plan,installments,2024-06-10:75816|2024-07-11:75816|2024-08-11:75816,2024-08-15,reduce_to:event_23541:4930.36,installments: completes INR 218700 by 2024-08-11; total paid INR 227448. Projected 90-day minimum INR 168600 versus protected 168600. Safe today before changes: INR 145685.49. Requires the listed permitted recurring-spending changes.
request_257,205.66,not_affordable,not_recommended,none,,none,No accepted complete plan meets the deadline and the 90-day minimum-balance constraint. Safe today before changes: USD 205.66.
request_258,1057.1,not_affordable,not_recommended,none,,none,No accepted complete plan meets the deadline and the 90-day minimum-balance constraint. Safe today before changes: USD 1057.1.
request_259,199.61,affordable_later,wait,2024-11-15:935,2024-11-15,none,wait: completes EUR 935 by 2024-11-15; total paid EUR 935. Projected 90-day minimum EUR 799.61 versus protected 600. Safe today before changes: EUR 199.61.
request_260,5527599.84,not_affordable,not_recommended,none,,none,No accepted complete plan meets the deadline and the 90-day minimum-balance constraint. Safe today before changes: IDR 5527599.84.
request_261,1830.4,affordable_now,full_payment,2026-07-03:1830.4,2026-07-03,none,full_payment: completes EUR 1830.4 by 2026-07-03; total paid EUR 1830.4. Projected 90-day minimum EUR 1739.95 versus protected 1500. Safe today before changes: EUR 1830.4.
request_262,9236000,affordable_now,full_payment,2024-12-05:9236000,2024-12-05,none,full_payment: completes IDR 9236000 by 2024-12-05; total paid IDR 9236000. Projected 90-day minimum IDR 56117708.81 versus protected 31018500. Safe today before changes: IDR 9236000.
request_263,4925.25,not_affordable,not_recommended,none,,none,No accepted complete plan meets the deadline and the 90-day minimum-balance constraint. Safe today before changes: ZAR 4925.25.
request_264,22053.1,affordable_later,wait,2026-06-15:111300,2026-06-15,none,wait: completes INR 111300 by 2026-06-15; total paid INR 111300. Projected 90-day minimum INR 81553.1 versus protected 59500. Safe today before changes: INR 22053.1.
request_265,0,not_affordable,not_recommended,none,,none,No accepted complete plan meets the deadline and the 90-day minimum-balance constraint. Safe today before changes: INR 0.
request_266,744.43,not_affordable,not_recommended,none,,none,No accepted complete plan meets the deadline and the 90-day minimum-balance constraint. Safe today before changes: EUR 744.43.
request_267,1557.19,not_affordable,not_recommended,none,2026-03-15,none,No accepted complete plan meets the deadline and the 90-day minimum-balance constraint. Safe today before changes: EUR 1557.19.
request_268,1032.18,affordable_with_plan,installments,2024-06-14:841.22|2024-07-15:841.22|2024-08-15:841.22,2024-07-15,none,installments: completes EUR 2426.6 by 2024-08-15; total paid EUR 2523.66. Projected 90-day minimum EUR 1590.96 versus protected 1400. Safe today before changes: EUR 1032.18.
request_269,9108.19,not_affordable,not_recommended,none,,none,No accepted complete plan meets the deadline and the 90-day minimum-balance constraint. Safe today before changes: ZAR 9108.19.
request_270,57.96,not_affordable,not_recommended,none,,none,No accepted complete plan meets the deadline and the 90-day minimum-balance constraint. Safe today before changes: USD 57.96.
request_271,11938.85,affordable_later,wait,2024-11-15:91300,2024-11-15,none,wait: completes INR 91300 by 2024-11-15; total paid INR 91300. Projected 90-day minimum INR 70138.85 versus protected 58200. Safe today before changes: INR 11938.85.
request_272,5293372.4,affordable_with_plan,installments,2025-02-12:4709466.67|2025-03-12:4709466.67|2025-04-09:4709466.67,2025-03-15,none,installments: completes IDR 13585000 by 2025-04-09; total paid IDR 14128400.01. Projected 90-day minimum IDR 8092505.73 versus protected 7508600. Safe today before changes: IDR 5293372.4.
request_273,9192347.08,affordable_with_plan,partial_payment,2026-04-07:9192347.08|2026-04-15:6668652.92,2026-04-15,none,partial_payment: completes IDR 15861000 by 2026-04-15; total paid IDR 15861000. Projected 90-day minimum IDR 18774600 versus protected 18774600. Safe today before changes: IDR 9192347.08.
request_274,2010.16,not_affordable,not_recommended,none,,none,No accepted complete plan meets the deadline and the 90-day minimum-balance constraint. Safe today before changes: EUR 2010.16.
request_275,15884000,affordable_now,full_payment,2025-05-06:15884000,2025-05-06,none,full_payment: completes IDR 15884000 by 2025-05-06; total paid IDR 15884000. Projected 90-day minimum IDR 13744312.68 versus protected 12760100. Safe today before changes: IDR 15884000.
